region,year,P,R
Adelaide Hills,2001,1597.0,2619.0
Barossa Valley,2001,1922.0,39537.0
Bendigo,2001,1444.0,2651.0
Blackwood Valley,2001,1474.0,1127.0
Canberra District,2001,1579.0,210.0
Central Ranges - other,2001,1300.0,269.0
Central Victoria - other,2001,1444.0,2564.0
Clare Valley,2001,1696.0,12198.0
Coonawarra,2001,1711.0,20364.0
Cowra,2001,1156.0,3764.0
Eden Valley,2001,2075.0,5387.0
Geographe,2001,1510.0,1291.0
Gippsland,2001,1094.0,97.0
Goulburn Valley,2001,1444.0,3731.0
Granite Belt,2001,1068.0,264.0
Great Southern,2001,1605.0,5330.0
Hunter Valley,2001,1567.0,6181.0
Langhorne Creek,2001,1437.0,25166.0
Limestone Coast - other,2001,1567.0,3794.0
Margaret River,2001,1635.0,7006.0
McLaren Vale,2001,1901.0,43060.0
Mornington Peninsula,2001,1840.0,247.0
Mudgee,2001,1270.0,6610.0
Murray Darling - Swan Hill (NSW),2001,736.0,9577.0
Murray Darling - Swan Hill (Vic),2001,736.0,23074.0
North East Victoria - other,2001,1191.0,2445.0
Orange,2001,1363.0,3824.0
Padthaway,2001,1776.0,15091.0
Perth Hills,2001,1201.0,294.0
Port Phillip - other,2001,1784.0,74.0
Qld - other,2001,1068.0,188.0
Riverina,2001,593.0,19832.0
Riverland,2001,812.0,69334.0
Rutherglen,2001,1355.0,2534.0
SA - other,2001,1284.0,3849.0
South Burnett,2001,1068.0,216.0
Southern New South Wales - other,2001,1427.0,2738.0
Swan District,2001,1128.0,792.0
WA - other,2001,1550.0,1981.0
Western Victoria - other,2001,1492.0,185.0
Wrattonbully,2001,1496.0,5541.0
Yarra Valley,2001,1860.0,1964.0
Adelaide Hills,2002,1805.0,1489.0
Adelaide Plains,2002,1414.0,3013.0
Barossa Valley,2002,1959.0,39529.0
Bendigo,2002,1717.0,2583.0
Blackwood Valley,2002,1485.0,1830.0
Canberra District,2002,1685.0,487.0
Central Ranges - other,2002,1584.0,86.0
Central Victoria - other,2002,1717.0,2847.0
Clare Valley,2002,1696.0,14248.0
Coonawarra,2002,1799.0,8750.0
Cowra,2002,1166.0,2474.0
Eden Valley,2002,2029.0,4379.0
Fleurieu - other,2002,1577.0,2694.0
Geographe,2002,1176.0,1526.0
Gippsland,2002,1921.0,23.0
Goulburn Valley,2002,1717.0,2521.0
Granite Belt,2002,1087.0,623.0
Great Southern,2002,1517.0,5607.0
Hunter Valley,2002,1329.0,6026.0
Langhorne Creek,2002,1451.0,21962.0
Limestone Coast - other,2002,1332.0,4975.0
Margaret River,2002,1457.0,7233.0
McLaren Vale,2002,1907.0,40859.0
Mornington Peninsula,2002,2114.0,43.0
Mudgee,2002,1461.0,7724.0
Murray Darling - Swan Hill (NSW),2002,802.0,13871.0
Murray Darling - Swan Hill (Vic),2002,802.0,29559.0
North East Victoria - other,2002,1042.0,1543.0
Orange,2002,1633.0,3952.0
Padthaway,2002,1728.0,8168.0
Perth Hills,2002,1109.0,465.0
Port Phillip - other,2002,1360.0,442.0
Qld - other,2002,1087.0,202.0
Riverina,2002,504.0,20372.0
Riverland,2002,876.0,92095.0
Rutherglen,2002,1336.0,3385.0
SA - other,2002,1414.0,2698.0
South Burnett,2002,1087.0,400.0
Southern New South Wales - other,2002,1437.0,3041.0
Swan District,2002,901.0,632.0
WA - other,2002,324.0,366.0
Western Victoria - other,2002,1613.0,93.0
Wrattonbully,2002,1587.0,3991.0
Yarra Valley,2002,1761.0,1162.0
Adelaide Hills,2003,1680.0,2770.0
Adelaide Plains,2003,1327.0,2309.0
Alpine Valleys,2003,977.0,1055.0
Barossa Valley,2003,1748.0,33957.0
Bendigo,2003,1411.0,1811.0
Big Rivers - other,2003,784.0,717.0
Blackwood Valley,2003,1300.0,1466.0
Canberra District,2003,1710.0,416.0
Central Ranges - other,2003,1462.0,578.0
Central Victoria - other,2003,1632.0,2167.0
Clare Valley,2003,1664.0,10485.0
Coonawarra,2003,1858.0,10461.0
Cowra,2003,1226.0,3716.0
Eden Valley,2003,1869.0,4390.0
Fleurieu - other,2003,1809.0,5299.0
Geographe,2003,1122.0,1363.0
Gippsland,2003,1319.0,68.0
Goulburn Valley,2003,1171.0,1563.0
Granite Belt,2003,1142.0,273.0
Great Southern,2003,1517.0,7311.0
Hunter Valley,2003,1409.0,5939.0
Langhorne Creek,2003,1455.0,23504.0
Limestone Coast - other,2003,1311.0,5227.0
Margaret River,2003,1553.0,7094.0
McLaren Vale,2003,1805.0,34387.0
Mornington Peninsula,2003,2000.0,144.0
Mudgee,2003,1386.0,9221.0
Murray Darling - Swan Hill (NSW),2003,657.0,10551.0
Murray Darling - Swan Hill (Vic),2003,657.0,21667.0
North East Victoria - other,2003,1092.0,1404.0
Northern Rivers - other,2003,992.0,8.0
Northern Slopes,2003,1001.0,360.0
Orange,2003,1690.0,6507.0
Padthaway,2003,1543.0,9443.0
Peel,2003,1100.0,5.0
Perth Hills,2003,894.0,240.0
Port Phillip - other,2003,1753.0,362.0
Qld - other,2003,1087.0,162.0
Riverina,2003,466.0,20232.0
Riverland,2003,651.0,58962.0
Rutherglen,2003,1454.0,2932.0
South Burnett,2003,650.0,327.0
South Coast - other,2003,300.0,6.0
Southern New South Wales - other,2003,1420.0,1147.0
Swan District,2003,890.0,753.0
WA - other,2003,870.0,419.0
Western Plains,2003,660.0,432.0
Western Victoria - other,2003,1614.0,222.0
Wrattonbully,2003,1585.0,6069.0
Yarra Valley,2003,1627.0,1618.0
Adelaide Hills,2004,1673.0,5044.0
Adelaide Plains,2004,845.0,2078.0
Alpine Valleys,2004,774.0,1107.0
Barossa Valley,2004,1463.0,45565.0
Bendigo,2004,1765.0,3183.0
Big Rivers - other,2004,853.0,876.0
Canberra District,2004,1739.0,752.0
Central Ranges - other,2004,1263.0,179.0
Central Victoria - other,2004,1458.0,507.0
Clare Valley,2004,1482.0,17946.0
Coonawarra,2004,890.0,10785.0
Cowra,2004,1101.0,3507.0
Eden Valley,2004,1436.0,5972.0
Fleurieu - other,2004,1288.0,5517.0
Gippsland,2004,2000.0,143.0
Glenrowan,2004,1126.0,1018.0
Goulburn Valley,2004,1160.0,2505.0
Granite Belt,2004,882.0,515.0
Hunter Valley,2004,1063.0,5950.0
Langhorne Creek,2004,1225.0,25440.0
Limestone Coast - other,2004,908.0,6872.0
McLaren Vale,2004,1488.0,50245.0
Mornington Peninsula,2004,1744.0,1159.0
Mudgee,2004,1222.0,8882.0
Murray Darling - Swan Hill (NSW),2004,620.0,11577.0
Murray Darling - Swan Hill (Vic),2004,620.0,25704.0
North East Victoria - other,2004,1267.0,1960.0
Northern Slopes,2004,1388.0,836.0
Orange,2004,1271.0,5152.0
Padthaway,2004,1061.0,14652.0
Port Phillip - other,2004,1771.0,79.0
Qld - other,2004,793.0,131.0
Riverina,2004,457.0,25474.0
Riverland,2004,584.0,66202.0
Rutherglen,2004,1126.0,3431.0
South Coast - other,2004,1909.0,74.0
Southern New South Wales - other,2004,1518.0,2452.0
Tas,2004,2200.0,21.0
Western Plains,2004,524.0,916.0
Western Victoria - other,2004,1744.0,410.0
Wrattonbully,2004,1200.0,8558.0
Yarra Valley,2004,1784.0,3653.0
Adelaide Hills,2005,1730.0,3017.0
Adelaide Plains,2005,777.0,1789.0
Alpine Valleys,2005,638.0,700.0
Barossa Valley,2005,1304.0,47682.0
Bendigo,2005,1064.0,1978.0
Big Rivers - other,2005,738.0,600.0
Blackwood Valley,2005,980.0,1052.0
Canberra District,2005,1769.0,757.0
Central Ranges - other,2005,763.0,137.0
Central Victoria - other,2005,632.0,504.0
Clare Valley,2005,1337.0,13867.0
Coonawarra,2005,824.0,7035.0
Cowra,2005,933.0,5800.0
Eden Valley,2005,1273.0,5229.0
Fleurieu - other,2005,1039.0,4117.0
Geographe,2005,938.0,1229.0
Gippsland,2005,1208.0,98.0
Glenrowan,2005,1177.0,905.0
Goulburn Valley,2005,874.0,1809.0
Grampians,2005,1642.0,3178.0
Granite Belt,2005,803.0,419.0
Great Southern,2005,1325.0,5269.0
Heathcote,2005,1430.0,4195.0
Hunter Valley,2005,774.0,3547.0
Langhorne Creek,2005,1147.0,23070.0
Limestone Coast - other,2005,933.0,5119.0
Macedon Ranges,2005,1455.0,70.0
Margaret River,2005,1398.0,9607.0
McLaren Vale,2005,1376.0,40826.0
Mornington Peninsula,2005,1515.0,368.0
Mudgee,2005,853.0,7547.0
Murray Darling - Swan Hill (NSW),2005,524.0,11480.0
Murray Darling - Swan Hill (Vic),2005,524.0,22758.0
North East Victoria - other,2005,545.0,1026.0
Northern Slopes,2005,1270.0,781.0
Orange,2005,1161.0,1584.0
Padthaway,2005,1032.0,9072.0
Peel,2005,723.0,9.0
Perth Hills,2005,1036.0,545.0
Port Phillip - other,2005,1349.0,67.0
Pyrenees,2005,1813.0,2381.0
Qld - other,2005,934.0,208.0
Riverina,2005,439.0,19740.0
Riverland,2005,527.0,61194.0
Rutherglen,2005,1177.0,3540.0
South Burnett,2005,1200.0,604.0
South Coast - other,2005,1500.0,24.0
Southern New South Wales - other,2005,1155.0,1246.0
Swan District,2005,799.0,1141.0
WA - other,2005,1503.0,760.0
Western Plains,2005,544.0,944.0
Western Victoria - other,2005,679.0,41.0
Wrattonbully,2005,1151.0,5475.0
Yarra Valley,2005,1645.0,2769.0
Adelaide Hills,2006,1456.0,2676.0
Adelaide Plains,2006,664.0,1019.0
Alpine Valleys,2006,1057.0,884.0
Barossa Valley,2006,1175.0,41668.0
Bendigo,2006,1098.0,1746.0
Big Rivers - other,2006,543.0,441.0
Blackwood Valley,2006,1072.0,745.0
Canberra District,2006,1882.0,865.0
Central Ranges - other,2006,965.0,122.0
Central Victoria - other,2006,916.0,1029.0
Clare Valley,2006,1207.0,14457.0
Coonawarra,2006,771.0,6212.0
Cowra,2006,655.0,2285.0
Eden Valley,2006,1225.0,4045.0
Fleurieu - other,2006,932.0,4542.0
Geographe,2006,965.0,1013.0
Gippsland,2006,1300.0,161.0
Goulburn Valley,2006,759.0,2972.0
Granite Belt,2006,924.0,482.0
Great Southern,2006,1095.0,1914.0
Heathcote,2006,1280.0,2180.0
Hunter Valley,2006,956.0,4659.0
Langhorne Creek,2006,1077.0,25528.0
Limestone Coast - other,2006,878.0,7812.0
Macedon Ranges,2006,1446.0,51.0
Margaret River,2006,1507.0,7028.0
McLaren Vale,2006,1204.0,35508.0
Mornington Peninsula,2006,1200.0,220.0
Mudgee,2006,839.0,6866.0
Murray Darling - Swan Hill (NSW),2006,399.0,9097.0
Murray Darling - Swan Hill (Vic),2006,399.0,17069.0
North East Victoria - other,2006,927.0,1059.0
Northern Rivers - other,2006,500.0,2.0
Northern Slopes,2006,500.0,227.0
Orange,2006,819.0,2163.0
Padthaway,2006,983.0,11104.0
Peel,2006,1000.0,19.0
Perth Hills,2006,1000.0,490.0
Port Phillip - other,2006,1397.0,29.0
Pyrenees,2006,1888.0,1908.0
Qld - other,2006,1000.0,104.0
Riverina,2006,386.0,20299.0
Riverland,2006,425.0,44512.0
South Burnett,2006,815.0,453.0
South Coast - other,2006,1650.0,19.0
Southern New South Wales - other,2006,990.0,69.0
Swan District,2006,788.0,837.0
WA - other,2006,700.0,226.0
Western Plains,2006,331.0,109.0
Western Victoria - other,2006,1342.0,860.0
Wrattonbully,2006,1030.0,6782.0
Yarra Valley,2006,1643.0,3154.0
Adelaide Hills,2007,1600.0,2643.0
Adelaide Plains,2007,834.0,977.0
Barossa Valley,2007,1522.0,23014.0
Bendigo,2007,1169.0,2028.0
Big Rivers - other,2007,588.0,360.0
Blackwood Valley,2007,897.0,508.0
Canberra District,2007,1021.0,243.0
Central Ranges - other,2007,672.0,258.0
Central Victoria - other,2007,899.0,134.0
Clare Valley,2007,1361.0,6182.0
Coonawarra,2007,1169.0,4157.0
Cowra,2007,712.0,3173.0
Eden Valley,2007,1576.0,2804.0
Fleurieu - other,2007,1113.0,3821.0
Geographe,2007,1108.0,1858.0
Gippsland,2007,1574.0,123.0
Granite Belt,2007,953.0,212.0
Great Southern,2007,1028.0,3183.0
Heathcote,2007,1221.0,3693.0
Hunter Valley,2007,1065.0,3732.0
Langhorne Creek,2007,1170.0,14741.0
Limestone Coast - other,2007,1039.0,3381.0
Margaret River,2007,1459.0,8402.0
McLaren Vale,2007,1495.0,22838.0
Mornington Peninsula,2007,1944.0,292.0
Mudgee,2007,661.0,2977.0
Murray Darling - Swan Hill (NSW),2007,424.0,7891.0
Murray Darling - Swan Hill (Vic),2007,424.0,14431.0
North East Victoria - other,2007,465.0,347.0
Northern Rivers - other,2007,800.0,4.0
Northern Slopes,2007,1200.0,457.0
Orange,2007,1005.0,1170.0
Padthaway,2007,1161.0,7425.0
Peel,2007,800.0,17.0
Perth Hills,2007,676.0,323.0
Port Phillip - other,2007,1579.0,12.0
Qld - other,2007,839.0,56.0
Riverina,2007,424.0,17059.0
Riverland,2007,391.0,26556.0
Rutherglen,2007,954.0,1789.0
South Burnett,2007,657.0,52.0
South Coast - other,2007,1287.0,48.0
Southern New South Wales - other,2007,946.0,22.0
Swan District,2007,803.0,824.0
Tas,2007,2200.0,2.0
WA - other,2007,872.0,77.0
Western Plains,2007,371.0,267.0
Western Victoria - other,2007,1508.0,380.0
Wrattonbully,2007,1248.0,2703.0
Yarra Valley,2007,1967.0,2454.0
Adelaide Hills,2008,1699.0,3208.0
Adelaide Plains,2008,983.0,1817.0
Alpine Valleys,2008,980.0,832.0
Barossa Valley,2008,1736.0,53281.0
Bendigo,2008,1270.0,5091.0
Big Rivers - other,2008,720.0,467.0
Blackwood Valley,2008,1038.0,764.0
Canberra District,2008,1817.0,1640.0
Central Ranges - other,2008,856.0,418.0
Central Victoria - other,2008,998.0,258.0
Clare Valley,2008,1546.0,10763.0
Coonawarra,2008,1356.0,14071.0
Cowra,2008,731.0,3714.0
Eden Valley,2008,1698.0,5970.0
Fleurieu - other,2008,1461.0,9568.0
Geographe,2008,1016.0,1522.0
Gippsland,2008,1200.0,135.0
Granite Belt,2008,989.0,466.0
Great Southern,2008,1112.0,5421.0
Heathcote,2008,1431.0,8162.0
Hunter Valley,2008,1115.0,5688.0
Langhorne Creek,2008,1234.0,27020.0
Limestone Coast - other,2008,1231.0,8910.0
Macedon Ranges,2008,2000.0,96.0
Margaret River,2008,1375.0,8005.0
McLaren Vale,2008,1915.0,55121.0
Mornington Peninsula,2008,1404.0,512.0
Mudgee,2008,702.0,4151.0
Murray Darling - Swan Hill (NSW),2008,642.0,15149.0
Murray Darling - Swan Hill (Vic),2008,642.0,28678.0
North East Victoria - other,2008,854.0,680.0
Northern Rivers - other,2008,500.0,5.0
Northern Slopes,2008,500.0,190.0
Orange,2008,1012.0,3868.0
Padthaway,2008,1177.0,15556.0
Peel,2008,1250.0,28.0
Perth Hills,2008,816.0,435.0
Port Phillip - other,2008,1344.0,27.0
Pyrenees,2008,1865.0,1878.0
Qld - other,2008,900.0,85.0
Riverina,2008,562.0,33030.0
Riverland,2008,622.0,63649.0
SA - other,2008,1168.0,2265.0
South Burnett,2008,800.0,182.0
South Coast - other,2008,1500.0,27.0
Southern New South Wales - other,2008,1076.0,116.0
Swan District,2008,746.0,869.0
Upper Goulburn,2008,785.0,71.0
WA - other,2008,955.0,211.0
Western Plains,2008,587.0,671.0
Western Victoria - other,2008,2024.0,194.0
Wrattonbully,2008,1329.0,10265.0
Yarra Valley,2008,1989.0,3823.0
Adelaide Hills,2009,1689.0,1941.0
Adelaide Plains,2009,749.0,810.0
Barossa Valley,2009,1532.0,34331.0
Beechworth,2009,3268.0,79.0
Bendigo,2009,1085.0,1120.0
Big Rivers - other,2009,1207.0,1107.0
Blackwood Valley,2009,1135.0,176.0
Canberra District,2009,550.0,57.0
Central Ranges - other,2009,736.0,852.0
Central Victoria - other,2009,943.0,2591.0
Clare Valley,2009,1308.0,9826.0
Coonawarra,2009,988.0,6941.0
Cowra,2009,563.0,1266.0
Eden Valley,2009,1753.0,2922.0
Fleurieu - other,2009,875.0,4073.0
Geographe,2009,887.0,488.0
Goulburn Valley,2009,794.0,1341.0
Grampians,2009,1733.0,3581.0
Great Southern,2009,1199.0,1794.0
Gundagai,2009,963.0,1955.0
Heathcote,2009,1058.0,3146.0
Hilltops,2009,833.0,1101.0
Hunter Valley,2009,1298.0,939.0
Langhorne Creek,2009,928.0,13183.0
Limestone Coast - other,2009,1162.0,6826.0
Manjimup,2009,1250.0,415.0
Margaret River,2009,1469.0,2147.0
McLaren Vale,2009,1432.0,21199.0
Mornington Peninsula,2009,1000.0,3.0
Mudgee,2009,756.0,9595.0
Murray Darling - Swan Hill (NSW),2009,420.0,13631.0
Murray Darling - Swan Hill (Vic),2009,420.0,16660.0
North East Victoria - other,2009,879.0,1067.0
Orange,2009,744.0,1683.0
Padthaway,2009,1024.0,11003.0
Perricoota,2009,543.0,113.0
Pyrenees,2009,1600.0,97.0
Riverina,2009,396.0,25506.0
Riverland,2009,383.0,38707.0
Rutherglen,2009,881.0,3218.0
SA - other,2009,865.0,1188.0
Sunbury,2009,1345.0,102.0
Swan District,2009,650.0,456.0
Tumbarumba,2009,1200.0,5.0
Western Plains,2009,206.0,2008.0
Western Victoria - other,2009,1500.0,27.0
Wrattonbully,2009,1026.0,6104.0
Yarra Valley,2009,1029.0,535.0
Adelaide Hills,2010,1420.0,2107.0
Adelaide Plains,2010,705.0,1217.0
Barossa Valley,2010,1351.0,45387.0
Bendigo,2010,1056.0,1703.0
Clare Valley,2010,1142.0,8596.0
Coonawarra,2010,890.0,6452.0
Cowra,2010,597.0,773.0
Eden Valley,2010,1497.0,4331.0
Fleurieu - other,2010,711.0,2892.0
Goulburn Valley,2010,692.0,2277.0
Grampians,2010,1485.0,2867.0
Gundagai,2010,909.0,2210.0
Heathcote,2010,865.0,4037.0
Hunter Valley,2010,1105.0,3067.0
Langhorne Creek,2010,762.0,16007.0
Limestone Coast - other,2010,1069.0,5115.0
Margaret River,2010,1458.0,5325.0
McLaren Vale,2010,1345.0,32810.0
Mudgee,2010,527.0,1112.0
Murray Darling - Swan Hill (NSW),2010,299.0,6599.0
Murray Darling - Swan Hill (Vic),2010,299.0,11291.0
North East Victoria - other,2010,520.0,334.0
Orange,2010,659.0,1053.0
Padthaway,2010,858.0,9872.0
Riverina,2010,360.0,19533.0
Riverland,2010,305.0,26476.0
Rutherglen,2010,740.0,1900.0
SA - other,2010,887.0,2132.0
Wrattonbully,2010,889.0,5949.0
Yarra Valley,2010,1499.0,1795.0
Adelaide Hills,2011,1111.0,994.0
Adelaide Plains,2011,643.0,1047.0
Barossa Valley,2011,1213.0,34444.0
Bendigo,2011,932.0,170.0
Blackwood Valley,2011,1850.0,49.0
Central Ranges - other,2011,392.0,491.0
Central Victoria - other,2011,559.0,1098.0
Clare Valley,2011,1043.0,3913.0
Coonawarra,2011,644.0,2389.0
Cowra,2011,360.0,93.0
Eden Valley,2011,1192.0,2558.0
Fleurieu - other,2011,913.0,2444.0
Geelong,2011,1350.0,495.0
Geographe,2011,574.0,290.0
Goulburn Valley,2011,524.0,746.0
Grampians,2011,1396.0,1428.0
Great Southern,2011,979.0,1246.0
Gundagai,2011,200.0,19.0
Heathcote,2011,803.0,3087.0
Hilltops,2011,642.0,531.0
Hunter Valley,2011,1233.0,858.0
Langhorne Creek,2011,547.0,4497.0
Limestone Coast - other,2011,790.0,1500.0
Margaret River,2011,1319.0,1987.0
McLaren Vale,2011,1240.0,25611.0
Mornington Peninsula,2011,1000.0,6.0
Mudgee,2011,480.0,193.0
Murray Darling - Swan Hill (NSW),2011,285.0,5251.0
Murray Darling - Swan Hill (Vic),2011,285.0,6418.0
Orange,2011,577.0,1005.0
Padthaway,2011,634.0,2532.0
Perricoota,2011,453.0,228.0
Pyrenees,2011,1418.0,424.0
Riverina,2011,281.0,13613.0
Riverland,2011,303.0,25318.0
Rutherglen,2011,516.0,47.0
SA - other,2011,750.0,1351.0
Sunbury,2011,1300.0,34.0
Swan District,2011,650.0,48.0
Upper Goulburn,2011,973.0,39.0
Western Victoria - other,2011,1100.0,40.0
Wrattonbully,2011,763.0,1811.0
Yarra Valley,2011,1269.0,390.0
Adelaide Hills,2012,1440.0,1414.0
Adelaide Plains,2012,726.0,1110.0
Barossa Valley,2012,1533.0,40879.0
Bendigo,2012,811.0,1049.0
Clare Valley,2012,1119.0,6329.0
Coonawarra,2012,1134.0,6602.0
Eden Valley,2012,1726.0,4374.0
Fleurieu - other,2012,783.0,2157.0
Goulburn Valley,2012,717.0,1538.0
Grampians,2012,1167.0,936.0
Great Southern,2012,1097.0,3611.0
Heathcote,2012,986.0,4619.0
Hunter Valley,2012,1039.0,1239.0
Langhorne Creek,2012,779.0,12970.0
Limestone Coast - other,2012,860.0,3311.0
Margaret River,2012,1261.0,5352.0
McLaren Vale,2012,1474.0,23970.0
Murray Darling - Swan Hill (NSW),2012,352.0,8096.0
Murray Darling - Swan Hill (Vic),2012,352.0,12436.0
Padthaway,2012,863.0,8002.0
Perricoota,2012,808.0,1287.0
Pyrenees,2012,1964.0,1692.0
Riverina,2012,355.0,14805.0
Riverland,2012,351.0,35888.0
SA - other,2012,754.0,1448.0
Wrattonbully,2012,936.0,5052.0
Yarra Valley,2012,1567.0,1963.0
Adelaide Hills,2013,1586.0,2798.0
Adelaide Plains,2013,847.0,1199.0
Barossa Valley,2013,1719.0,37524.0
Beechworth,2013,1919.0,53.0
Bendigo,2013,1411.0,1178.0
Big Rivers - other,2013,720.0,1975.0
Blackwood Valley,2013,1216.0,97.0
Canberra District,2013,2300.0,191.0
Central Ranges - other,2013,398.0,457.0
Central Victoria - other,2013,623.0,2525.0
Clare Valley,2013,1288.0,5908.0
Coonawarra,2013,1416.0,11771.0
Cowra,2013,433.0,465.0
Eden Valley,2013,1929.0,4165.0
Fleurieu - other,2013,855.0,4296.0
Geelong,2013,1795.0,163.0
Geographe,2013,1053.0,590.0
Glenrowan,2013,2000.0,200.0
Goulburn Valley,2013,637.0,1021.0
Grampians,2013,1740.0,1447.0
Great Southern,2013,1612.0,2064.0
Gundagai,2013,478.0,1218.0
Heathcote,2013,1212.0,7129.0
Henty,2013,2500.0,130.0
Hilltops,2013,915.0,793.0
Hunter Valley,2013,1267.0,871.0
Langhorne Creek,2013,976.0,15738.0
Limestone Coast - other,2013,1183.0,5465.0
Margaret River,2013,1474.0,1895.0
McLaren Vale,2013,1677.0,29265.0
Mornington Peninsula,2013,1000.0,12.0
Murray Darling - Swan Hill (NSW),2013,407.0,15270.0
Murray Darling - Swan Hill (Vic),2013,413.0,19025.0
North East Victoria - other,2013,690.0,144.0
Orange,2013,851.0,353.0
Padthaway,2013,994.0,7410.0
Perricoota,2013,479.0,235.0
Pyrenees,2013,1989.0,416.0
Riverina,2013,365.0,23111.0
Riverland,2013,396.0,36843.0
Rutherglen,2013,754.0,355.0
SA - other,2013,661.0,779.0
Strathbogie Ranges,2013,17500.0,1429.0
Western Victoria - other,2013,2700.0,58.0
Wrattonbully,2013,1105.0,5653.0
Yarra Valley,2013,1374.0,635.0
Adelaide Hills,2014,1609.0,2587.0
Adelaide Plains,2014,797.0,1528.0
Barossa Valley,2014,1849.0,44254.0
Beechworth,2014,1961.0,27.0
Bendigo,2014,1501.0,825.0
Big Rivers - other,2014,625.0,128.0
Blackwood Valley,2014,1700.0,49.0
Canberra District,2014,2115.0,207.0
Central Ranges - other,2014,516.0,403.0
Central Victoria - other,2014,1350.0,258.0
Clare Valley,2014,1310.0,7724.0
Coonawarra,2014,1409.0,9607.0
Cowra,2014,287.0,25.0
Eden Valley,2014,2218.0,3150.0
Fleurieu - other,2014,785.0,3326.0
Geelong,2014,1500.0,200.0
Geographe,2014,1055.0,475.0
Goulburn Valley,2014,839.0,1407.0
Grampians,2014,1245.0,1245.0
Great Southern,2014,1489.0,2407.0
Gundagai,2014,426.0,384.0
Heathcote,2014,1006.0,5319.0
Henty,2014,2300.0,116.0
Hilltops,2014,846.0,614.0
Hunter Valley,2014,1386.0,752.0
Langhorne Creek,2014,901.0,15780.0
Limestone Coast - other,2014,672.0,2000.0
Margaret River,2014,1270.0,2174.0
McLaren Vale,2014,1659.0,29960.0
Mornington Peninsula,2014,1000.0,12.0
Murray Darling - Swan Hill (NSW),2014,318.0,13528.0
Murray Darling - Swan Hill (Vic),2014,364.0,18971.0
North East Victoria - other,2014,417.0,328.0
Orange,2014,1022.0,217.0
Padthaway,2014,887.0,7232.0
Perricoota,2014,610.0,92.0
Pyrenees,2014,1744.0,170.0
Riverina,2014,351.0,19227.0
Riverland,2014,341.0,38476.0
Rutherglen,2014,1120.0,122.0
SA - other,2014,593.0,806.0
Strathbogie Ranges,2014,1750.0,145.0
Tumbarumba,2014,1000.0,11.0
Western Victoria - other,2014,5000.0,57.0
Wrattonbully,2014,992.0,5721.0
Yarra Valley,2014,1561.0,1532.0
Adelaide Hills,2015,1901.0,2291.0
Adelaide Plains,2015,814.0,1028.0
Alpine Valleys,2015,541.0,47.0
Barossa Valley,2015,2137.0,56263.0
Bendigo,2015,1073.0,1401.0
Canberra District,2015,1970.0,941.0
Central Ranges - other,2015,474.0,264.0
Central Victoria - other,2015,343.0,239.0
Clare Valley,2015,1266.0,6379.0
Coonawarra,2015,1281.0,9045.0
Eden Valley,2015,2314.0,5679.0
Fleurieu - other,2015,861.0,3238.0
Geographe,2015,751.0,340.0
Goulburn Valley,2015,502.0,1177.0
Grampians,2015,1271.0,777.0
Great Southern,2015,1559.0,2973.0
Gundagai,2015,443.0,633.0
Heathcote,2015,1143.0,4486.0
Hilltops,2015,994.0,1542.0
Hunter Valley,2015,952.0,1595.0
Langhorne Creek,2015,898.0,14102.0
Limestone Coast - other,2015,1003.0,3782.0
Margaret River,2015,1184.0,4261.0
McLaren Vale,2015,1782.0,28496.0
Mornington Peninsula,2015,1994.0,363.0
Mudgee,2015,697.0,975.0
Murray Darling - Swan Hill (NSW),2015,289.0,8288.0
Murray Darling - Swan Hill (Vic),2015,289.0,10130.0
North East Victoria - other,2015,524.0,588.0
Orange,2015,867.0,1391.0
Padthaway,2015,1017.0,6700.0
Pyrenees,2015,2406.0,1208.0
Riverina,2015,348.0,21020.0
Riverland,2015,315.0,35523.0
Rutherglen,2015,980.0,597.0
SA - other,2015,921.0,2057.0
Wrattonbully,2015,1021.0,5080.0
Yarra Valley,2015,1604.0,2664.0
Adelaide Hills,2016,1997.0,2434.0
Adelaide Plains,2016,973.0,2215.0
Alpine Valleys,2016,434.0,38.0
Barossa Valley,2016,2212.0,71963.0
Bendigo,2016,910.0,351.0
Canberra District,2016,1965.0,259.0
Clare Valley,2016,1424.0,8674.0
Coonawarra,2016,1307.0,10524.0
Eden Valley,2016,2346.0,5487.0
Fleurieu - other,2016,974.0,3843.0
Geelong,2016,1773.0,339.0
Geographe,2016,932.0,387.0
Grampians,2016,1128.0,988.0
Great Southern,2016,1372.0,2525.0
Gundagai,2016,415.0,840.0
Heathcote,2016,1206.0,4366.0
Hilltops,2016,887.0,538.0
Hunter Valley,2016,1485.0,970.0
Langhorne Creek,2016,858.0,19133.0
Limestone Coast - other,2016,1055.0,5921.0
Margaret River,2016,1248.0,2657.0
McLaren Vale,2016,1803.0,43505.0
Mudgee,2016,1176.0,584.0
Murray Darling - Swan Hill (NSW),2016,319.0,9247.0
Murray Darling - Swan Hill (Vic),2016,319.0,10864.0
North East Victoria - other,2016,574.0,281.0
Orange,2016,971.0,1591.0
Padthaway,2016,1083.0,12236.0
Pyrenees,2016,2096.0,694.0
Riverina,2016,356.0,19096.0
Riverland,2016,336.0,37579.0
Rutherglen,2016,1109.0,523.0
SA - other,2016,767.0,1724.0
Wrattonbully,2016,975.0,5567.0
Yarra Valley,2016,1310.0,511.0
Adelaide Hills,2017,1869.0,2944.0
Adelaide Plains,2017,888.0,1650.0
Alpine Valleys,2017,478.0,51.0
Barossa Valley,2017,2284.0,111560.0
Beechworth,2017,2622.0,120.0
Bendigo,2017,732.0,666.0
Blackwood Valley,2017,996.0,241.0
Canberra District,2017,2199.0,208.0
Central Victoria - other,2017,603.0,1704.0
Clare Valley,2017,1417.0,13779.0
Coonawarra,2017,1216.0,12830.0
Eden Valley,2017,2375.0,8576.0
Fleurieu - other,2017,864.0,3821.0
Geelong,2017,1668.0,463.0
Geographe,2017,1089.0,522.0
Goulburn Valley,2017,625.0,1157.0
Grampians,2017,1249.0,3334.0
Great Southern,2017,1380.0,2699.0
Gundagai,2017,635.0,1748.0
Heathcote,2017,1158.0,7077.0
Hilltops,2017,951.0,1016.0
Hunter Valley,2017,1598.0,1498.0
Langhorne Creek,2017,882.0,19917.0
Limestone Coast - other,2017,850.0,5452.0
Margaret River,2017,1245.0,2878.0
McLaren Vale,2017,1743.0,47122.0
Mornington Peninsula,2017,5276.0,450.0
Murray Darling - Swan Hill (NSW),2017,395.0,12244.0
Murray Darling - Swan Hill (Vic),2017,389.0,13704.0
North East Victoria - other,2017,683.0,420.0
Orange,2017,851.0,1449.0
Padthaway,2017,1042.0,12784.0
Pyrenees,2017,1549.0,1035.0
Riverina,2017,344.0,21907.0
Riverland,2017,396.0,46134.0
Rutherglen,2017,866.0,622.0
SA - other,2017,1003.0,3492.0
Wrattonbully,2017,1088.0,7582.0
Yarra Valley,2017,1843.0,1081.0
Adelaide Hills,2018,1791.0,2835.0
Adelaide Plains,2018,957.0,1413.0
Barossa Valley,2018,2252.0,82554.0
Bendigo,2018,1024.0,862.0
Blackwood Valley,2018,875.0,215.0
Canberra District,2018,2194.0,159.0
Clare Valley,2018,1441.0,11012.0
Coonawarra,2018,1418.0,6747.0
Cowra,2018,561.0,348.0
Eden Valley,2018,2636.0,8947.0
Fleurieu - other,2018,1022.0,2900.0
Geelong,2018,1979.0,494.0
Geographe,2018,1126.0,284.0
Goulburn Valley,2018,689.0,997.0
Grampians,2018,1371.0,1941.0
Great Southern,2018,1498.0,1912.0
Gundagai,2018,744.0,2113.0
Heathcote,2018,1387.0,5981.0
Hilltops,2018,987.0,823.0
Hunter Valley,2018,1761.0,2185.0
Langhorne Creek,2018,1040.0,16720.0
Limestone Coast - other,2018,1182.0,4560.0
Margaret River,2018,1214.0,2944.0
McLaren Vale,2018,1869.0,38307.0
Mornington Peninsula,2018,2503.0,359.0
Murray Darling - Swan Hill (NSW),2018,482.0,14208.0
Murray Darling - Swan Hill (Vic),2018,502.0,17470.0
North East Victoria - other,2018,703.0,387.0
Orange,2018,914.0,866.0
Padthaway,2018,1219.0,6451.0
Pyrenees,2018,1721.0,451.0
Riverina,2018,465.0,24778.0
Riverland,2018,487.0,53709.0
Rutherglen,2018,980.0,536.0
SA - other,2018,921.0,2793.0
Wrattonbully,2018,1275.0,4339.0
Yarra Valley,2018,1570.0,1155.0
Adelaide Hills,2019,2121.0,1871.0
Adelaide Plains,2019,1068.0,1549.0
Barossa Valley,2019,2315.0,59537.0
Bendigo,2019,1202.0,1235.0
Blackwood Valley,2019,1013.0,79.0
Canberra District,2019,2312.0,306.0
Central Ranges - other,2019,839.0,1030.0
Central Victoria - other,2019,844.0,2162.0
Clare Valley,2019,1832.0,16261.0
Coonawarra,2019,1458.0,14985.0
Eden Valley,2019,2755.0,3058.0
Fleurieu - other,2019,1177.0,2372.0
Geographe,2019,1076.0,360.0
Goulburn Valley,2019,778.0,1695.0
Grampians,2019,1519.0,2760.0
Granite Belt,2019,1633.0,185.0
Great Southern,2019,1897.0,2428.0
Gundagai,2019,802.0,1387.0
Heathcote,2019,1400.0,7037.0
Hilltops,2019,1132.0,875.0
Hunter Valley,2019,1649.0,1829.0
Langhorne Creek,2019,1204.0,18809.0
Limestone Coast - other,2019,1224.0,7007.0
Margaret River,2019,1199.0,3113.0
McLaren Vale,2019,1958.0,35467.0
Mornington Peninsula,2019,2434.0,413.0
Mudgee,2019,1463.0,789.0
Murray Darling - Swan Hill (NSW),2019,539.0,16900.0
Murray Darling - Swan Hill (Vic),2019,632.0,21664.0
North East Victoria - other,2019,1125.0,495.0
Orange,2019,1471.0,1318.0
Padthaway,2019,1341.0,13680.0
Pyrenees,2019,1893.0,788.0
Riverina,2019,606.0,34923.0
Riverland,2019,617.0,73340.0
Rutherglen,2019,1105.0,542.0
SA - other,2019,974.0,3204.0
Strathbogie Ranges,2019,1152.0,245.0
Sunbury,2019,1332.0,118.0
Upper Goulburn,2019,1522.0,154.0
Wrattonbully,2019,1408.0,10991.0
Yarra Valley,2019,2018.0,2293.0
Adelaide Hills,2020,2053.0,1764.0
Adelaide Plains,2020,1136.0,1247.0
Barossa Valley,2020,2612.0,47839.0
Bendigo,2020,1460.0,958.0
Blackwood Valley,2020,1113.0,121.0
Central Ranges - other,2020,953.0,320.0
Central Victoria - other,2020,866.0,1231.0
Clare Valley,2020,1976.0,7238.0
Coonawarra,2020,1701.0,10563.0
Cowra,2020,672.0,308.0
Eden Valley,2020,2979.0,2848.0
Fleurieu - other,2020,1305.0,3239.0
Geelong,2020,2540.0,657.0
Geographe,2020,1109.0,483.0
Goulburn Valley,2020,913.0,1678.0
Grampians,2020,1664.0,1687.0
Great Southern,2020,1789.0,3280.0
Heathcote,2020,1593.0,5157.0
Hilltops,2020,747.0,361.0
Hunter Valley,2020,1744.0,488.0
Langhorne Creek,2020,1248.0,12393.0
Limestone Coast - other,2020,1314.0,4368.0
Margaret River,2020,1268.0,4108.0
McLaren Vale,2020,2107.0,35594.0
Mornington Peninsula,2020,4702.0,273.0
Murray Darling - Swan Hill (NSW),2020,571.0,12669.0
Murray Darling - Swan Hill (Vic),2020,683.0,34181.0
Padthaway,2020,1430.0,5917.0
Perth Hills,2020,938.0,91.0
Pyrenees,2020,2302.0,680.0
Riverina,2020,633.0,34662.0
Riverland,2020,697.0,83390.0
SA - other,2020,945.0,2148.0
Strathbogie Ranges,2020,1049.0,206.0
Sunbury,2020,1304.0,36.0
Swan District,2020,982.0,168.0
Tas,2020,2677.0,130.0
Upper Goulburn,2020,1442.0,70.0
Wrattonbully,2020,1539.0,4563.0
Yarra Valley,2020,2035.0,953.0
Adelaide Hills,2021,2002.0,4400.0
Adelaide Plains,2021,1101.0,1729.0
Barossa Valley,2021,2497.0,102834.0
Bendigo,2021,1365.0,1258.0
Blackwood Valley,2021,1203.0,134.0
Central Ranges - other,2021,923.0,379.0
Clare Valley,2021,1773.0,13461.0
Coonawarra,2021,1446.0,17041.0
Cowra,2021,630.0,269.0
Eden Valley,2021,2760.0,9298.0
Fleurieu - other,2021,1148.0,4602.0
Geelong,2021,2452.0,575.0
Geographe,2021,1162.0,576.0
Goulburn Valley,2021,862.0,2013.0
Grampians,2021,1478.0,3726.0
Great Southern,2021,1834.0,4337.0
Gundagai,2021,1043.0,1366.0
Heathcote,2021,1542.0,6427.0
Hilltops,2021,1189.0,566.0
Hunter Valley,2021,1915.0,1908.0
Langhorne Creek,2021,1037.0,22363.0
Limestone Coast - other,2021,1114.0,8087.0
Margaret River,2021,1317.0,4078.0
McLaren Vale,2021,2076.0,47376.0
Mornington Peninsula,2021,4601.0,407.0
Mudgee,2021,1337.0,475.0
Murray Darling - Swan Hill (NSW),2021,527.0,14752.0
Murray Darling - Swan Hill (Vic),2021,572.0,32102.0
North East Victoria - other,2021,1059.0,497.0
Orange,2021,1437.0,872.0
Padthaway,2021,1162.0,15372.0
Pyrenees,2021,1279.0,1102.0
Riverina,2021,527.0,32626.0
Riverland,2021,552.0,85819.0
Rutherglen,2021,1181.0,1543.0
SA - other,2021,1039.0,2915.0
Swan District,2021,984.0,136.0
Western Victoria - other,2021,1873.0,103.0
Wrattonbully,2021,1092.0,10152.0
Yarra Valley,2021,2067.0,1968.0
Adelaide Hills,2022,1864.0,2704.0
Adelaide Plains,2022,980.0,1009.0
Alpine Valleys,2022,1721.0,106.0
Barossa Valley,2022,2224.0,64647.0
Beechworth,2022,2612.0,202.0
Bendigo,2022,936.0,706.0
Big Rivers - other,2022,393.0,693.0
Blackwood Valley,2022,1144.0,286.0
Canberra District,2022,2871.0,224.0
Central Ranges - other,2022,271.0,120.0
Central Victoria - other,2022,539.0,1374.0
Clare Valley,2022,1753.0,16016.0
Coonawarra,2022,1193.0,7757.0
Cowra,2022,778.0,53.0
Eden Valley,2022,2640.0,5066.0
Fleurieu - other,2022,1179.0,16762.0
Geelong,2022,2778.0,574.0
Geographe,2022,1227.0,695.0
Glenrowan,2022,1000.0,430.0
Goulburn Valley,2022,818.0,1417.0
Grampians,2022,1418.0,2020.0
Granite Belt,2022,1600.0,90.0
Great Southern,2022,2076.0,4816.0
Gundagai,2022,1077.0,2519.0
Heathcote,2022,1098.0,5824.0
Henty,2022,2300.0,22.0
Hilltops,2022,1592.0,705.0
Hunter Valley,2022,2078.0,2019.0
Langhorne Creek,2022,824.0,3692.0
Limestone Coast - other,2022,924.0,2734.0
Macedon Ranges,2022,2596.0,24.0
Manjimup,2022,1200.0,54.0
Margaret River,2022,1419.0,5935.0
McLaren Vale,2022,1892.0,38793.0
Mornington Peninsula,2022,5139.0,274.0
Mudgee,2022,1334.0,444.0
Murray Darling - Swan Hill (NSW),2022,366.0,7976.0
Murray Darling - Swan Hill (Vic),2022,396.0,19127.0
North East Victoria - other,2022,942.0,386.0
Orange,2022,1251.0,1050.0
Padthaway,2022,1172.0,9421.0
Pemberton,2022,1500.0,26.0
Perricoota,2022,460.0,405.0
Perth Hills,2022,1500.0,99.0
Pyrenees,2022,1700.0,746.0
Riverina,2022,361.0,19927.0
Riverland,2022,345.0,44250.0
Rutherglen,2022,1157.0,2279.0
SA - other,2022,1368.0,2015.0
Strathbogie Ranges,2022,1133.0,255.0
Sunbury,2022,1500.0,38.0
Swan District,2022,871.0,207.0
Tas,2022,3240.0,421.0
Upper Goulburn,2022,1668.0,146.0
Western Victoria - other,2022,2413.0,78.0
Wrattonbully,2022,1396.0,6971.0
Yarra Valley,2022,2544.0,1542.0
Adelaide Hills,2023,1834.0,1453.0
Adelaide Plains,2023,839.0,681.0
Barossa Valley,2023,1988.0,88769.0
Bendigo,2023,1168.0,414.0
Blackwood Valley,2023,1235.0,322.0
Canberra District,2023,2715.0,491.0
Central Victoria - other,2023,889.0,2472.0
Clare Valley,2023,1862.0,14794.0
Coonawarra,2023,1500.0,7206.0
Eden Valley,2023,2646.0,6442.0
Fleurieu - other,2023,940.0,1467.0
Geelong,2023,2848.0,698.0
Geographe,2023,1283.0,569.0
Goulburn Valley,2023,669.0,443.0
Grampians,2023,1363.0,1362.0
Granite Belt,2023,1969.0,151.0
Great Southern,2023,2096.0,2984.0
Gundagai,2023,1100.0,3142.0
Heathcote,2023,1170.0,3353.0
Hilltops,2023,1339.0,474.0
Hunter Valley,2023,2139.0,2398.0
Langhorne Creek,2023,899.0,8513.0
Limestone Coast - other,2023,1167.0,3210.0
Margaret River,2023,1448.0,5785.0
McLaren Vale,2023,1734.0,26365.0
Mornington Peninsula,2023,5337.0,380.0
Mudgee,2023,1364.0,688.0
Murray Darling - Swan Hill (NSW),2023,372.0,6442.0
Murray Darling - Swan Hill (Vic),2023,307.0,8662.0
North East Victoria - other,2023,1022.0,150.0
Orange,2023,1625.0,1474.0
Padthaway,2023,1164.0,9588.0
Pyrenees,2023,1319.0,555.0
Riverina,2023,362.0,11496.0
Riverland,2023,224.0,23814.0
Rutherglen,2023,923.0,1046.0
SA - other,2023,520.0,1355.0
Swan District,2023,1339.0,92.0
Wrattonbully,2023,1222.0,5548.0
Yarra Valley,2023,2218.0,1483.0
